id,title,director,writers,producer,starring,country,language,running_time,budget,box_office,release_dates,imdb,metascore,rotten_tomatoes
0,A Glimpse Inside the Mind of Charles Swan III,Roman Coppola,Roman Coppola,"['Roman Coppola', 'Youree Henley']","['Charlie Sheen', 'Katheryn Winnick', 'Bill Murray', 'Jason Schwartzman', 'Patricia Arquette', 'Mary Elizabeth Winstead', 'Fabianne Therese']",United States,English,86.0,,210565.0,2012-11-15,4.6,28.0,16%
1,Ginger & Rosa,Sally Potter,Sally Potter,"['Christopher Sheppard', 'Andrew Litvin']","['Elle Fanning', 'Alice Englert', 'Alessandro Nivola', 'Christina Hendricks', 'Timothy Spall', 'Oliver Platt', 'Jodhi May', 'Annette Bening']",,English,90.0,,1700000.0,2012-09-07,6.2,69.0,78%
2,Spring Breakers,Harmony Korine,Harmony Korine,"['Chris Hanley', 'Jordan Gertner', 'David Zander', 'Charles-Marie Anthonioz']","['James Franco', 'Selena Gomez', 'Vanessa Hudgens', 'Ashley Benson', 'Rachel Korine', 'Gucci Mane']",United States,English,94.0,5000000.0,31700000.0,2012-09-04,5.3,63.0,67%
3,The Bling Ring,Sofia Coppola,,"['Roman Coppola', 'Sofia Coppola', 'Youree Henley']","['Israel Broussard', 'Katie Chang', 'Taissa Farmiga', 'Claire Julien', 'Georgia Rock', 'Emma Watson', 'Leslie Mann']",,English,90.0,8.199.999.999.999.990,20000000.0,2013-05-16,5.6,66.0,60%
4,The Spectacular Now,James Ponsoldt,,"['Tom McNulty', 'Shawn Levy', 'Michelle Krumm', 'Andrew Lauren']","['Miles Teller', 'Shailene Woodley', 'Brie Larson', 'Mary Elizabeth Winstead', 'Bob Odenkirk', 'Jennifer Jason Leigh', 'Kyle Chandler']",United States,English,95.0,2500000.0,6900000.0,2013-01-18,7.1,82.0,91%
5,Enemy,Denis Villeneuve,,"['M. A. Faura', 'Niv Fichman']","['Jake Gyllenhaal', 'Mélanie Laurent', 'Sarah Gadon', 'Isabella Rossellini']",,English,90.0,,3500000.0,2013-09-08,6.9,61.0,71%
6,Under the Skin,Jonathan Glazer,,"['James Wilson', 'Nick Wechsler']",Scarlett Johansson,,English,108.0,,7300000.0,2013-08-29,6.3,80.0,84%
7,Locke,Steven Knight,Steven Knight,"['Paul Webster', 'Guy Heeley']","['Tom Hardy', 'Olivia Colman', 'Ruth Wilson', 'Andrew Scott', 'Ben Daniels', 'Tom Holland', 'Bill Milner']",,English,85.0,2000000.0,5100000.0,2013-09-02,7.1,81.0,91%
8,Obvious Child,Gillian Robespierre,,Elisabeth Holm,"['Jenny Slate', 'Jake Lacy', 'Gaby Hoffmann', 'Gabe Liedman', 'Richard Kind', 'Polly Draper', 'David Cross']",United States,English,83.0,1000000.0,3300000.0,2014-01-17,6.7,76.0,90%
9,The Rover,David Michôd,,"['Liz Watts', 'David Linde', 'David Michôd']","['Guy Pearce', 'Robert Pattinson', 'Scoot McNairy', 'David Field', 'Anthony Hayes', 'Gillian Jones', 'Susan Prior']",Australia,English,102.0,,3200000.0,2014-05-18,6.4,64.0,67%
10,Life After Beth,Jeff Baena,Jeff Baena,"['Michael Zakin', 'Liz Destro']","['Aubrey Plaza', 'Dane DeHaan', 'Molly Shannon', 'Cheryl Hines', 'Paul Reiser', 'Matthew Gray Gubler', 'John C. Reilly']",United States,English,89.0,2400000.0,274717.0,2014-01-19,5.6,50.0,45%
11,Tusk,Kevin Smith,Kevin Smith,"['William D. Johnson', 'Sam Englebardt', 'Shannon McIntosh', 'David Greathouse']","['Michael Parks', 'Justin Long', 'Haley Joel Osment', 'Genesis Rodriguez']",United States,English,101.0,3000000.0,1900000.0,2014-09-06,5.3,55.0,45%
12,Laggies,Lynn Shelton,Andrea Seigel,"['Kevin Scott Frakes', 'Steve Golin', 'Alix Madigan', 'Myles Nestel', 'Raj Brinder Singh', 'Rosalie Swedlin', '']","['Keira Knightley', 'Chloë Grace Moretz', 'Sam Rockwell', 'Kaitlyn Dever', 'Jeff Garlin', 'Ellie Kemper', 'Mark Webber', 'Daniel Zovatto']",United States,English,100.0,,2400000.0,2014-01-17,6.4,63.0,65%
13,Revenge of the Green Dragons,"['Andrew Lau', 'Andrew Loo']","['Andrew Loo', 'Michael Di Jiacomo']","['Allen Bain', 'Jesse Scolaro', 'Michael Bassick', 'Stuart Ford']","['Justin Chon', 'Kevin Wu', 'Harry Shum Jr.', 'Eugenia Yuan', 'Geoff Pierson', 'Ray Liotta']",,,95.0,5000000.0,107412.0,2014-09-10,5.3,36.0,15%
14,The Captive,Atom Egoyan,"['Atom Egoyan', 'David Fraser']","['Atom Egoyan', 'Jennifer Weiss', 'Simone Urdl', 'Stephen Traynor']","['Bruce Greenwood', 'Ryan Reynolds', 'Scott Speedman', 'Rosario Dawson', 'Mireille Enos', 'Kevin Durand', 'Alexia Fast']",Canada,English,112.0,,2090612.0,,5.9,36.0,28%
15,A Most Violent Year,J. C. Chandor,J. C. Chandor,"['J. C. Chandor', 'Neal Dodson', 'Anna Gerb']","['Oscar Isaac', 'Jessica Chastain', 'David Oyelowo', 'Alessandro Nivola', 'Albert Brooks', 'Elyes Gabel']",United States,English,125.0,20000000.0,12000000.0,2014-11-06,7.0,79.0,90%
16,Son of a Gun,Julius Avery,Julius Avery,Timothy White,"['Ewan McGregor', 'Brenton Thwaites', 'Alicia Vikander', 'Jacek Koman', 'Matthew Nable', 'Tom Budge']",,English,109.0,,660241.0,2014-10-16,6.4,49.0,62%
17,While We're Young,Noah Baumbach,Noah Baumbach,"['Scott Rudin', 'Noah Baumbach', 'Lila Yacoub', 'Eli Bush']","['Ben Stiller', 'Naomi Watts', 'Adam Driver', 'Amanda Seyfried', 'Charles Grodin', 'Adam Horovitz']",United States,English,97.0,10000000.0,21100000.0,2014-09-06,6.3,77.0,84%
18,Cut Bank,Matt Shakman,Roberto Patino,"['Mickey Barold', 'Dan Cohen', 'Edward Zwick', 'Laura Rister', 'Mark C. Manuel', ""Ted O'Neal""]","['Liam Hemsworth', 'Billy Bob Thornton', 'John Malkovich', 'Teresa Palmer', 'Michael Stuhlbarg']",United States,English,92.0,5000000.0,288591.0,2014-06-16,6.1,44.0,37%
19,Ex Machina,Alex Garland,Alex Garland,"['Andrew Macdonald', 'Allon Reich']","['Domhnall Gleeson', 'Oscar Isaac', 'Alicia Vikander', 'Sonoya Mizuno', 'Gana Bayarsaikhan', 'Corey Johnson']",,English,108.0,15000000.0,36900000.0,2014-12-16,7.7,78.0,92%
20,Slow West,John Maclean,John Maclean,"['Iain Canning', 'Michael Fassbender', 'Rachel Gardner', 'Conor McCaughan', 'Emile Sherman']","['Kodi Smit-McPhee', 'Michael Fassbender', 'Ben Mendelsohn', 'Caren Pistorius', 'Rory McCann']",,English,84.0,,1300000.0,2015-01-24,6.9,72.0,92%
21,Barely Lethal,Kyle Newman,John D'Arco,"['John Cheng', 'Sukee Chew', 'Vanessa Coifman', 'Ted Hartley', 'Brett Ratner']","['Hailee Steinfeld', 'Dove Cameron', 'Thomas Mann', 'Sophie Turner', 'Jessica Alba', 'Samuel L. Jackson']",United States,English,98.0,15000000.0,933847.0,,5.4,44.0,26%
22,Amy,Asif Kapadia,,James Gay-Rees,Amy Winehouse,United Kingdom,English,128.0,3400000.0,23700000.0,,7.8,85.0,95%
23,The End of the Tour,James Ponsoldt,,"['James Dahl', 'Matt DeRoss', 'David Kanter', 'Mark Manuel', ""Ted O'Neal""]","['Jason Segel', 'Jesse Eisenberg']",United States,English,106.0,,3000000.0,2015-01-23,7.2,82.0,92%
24,Dark Places,Gilles Paquet-Brenner,,"['Stéphane Marsil', 'Azim Bolkiah', 'Matthew Rhodes', 'Cathy Schulman', 'Charlize Theron', 'Rob Weston']","['Charlize Theron', 'Christina Hendricks', 'Nicholas Hoult', 'Chloë Grace Moretz', 'Corey Stoll', 'Tye Sheridan', 'Sterling Jerins', 'Andrea Roth', 'Sean Bridgers']",,English,112.0,,5100000.0,2015-04-08,6.2,39.0,23%
25,Mississippi Grind,"['Anna Boden', 'Ryan Fleck']","['Anna Boden', 'Ryan Fleck']","['Lynette Howell', 'Ben Nearn', 'Jamie Patricof', 'Tom Rice']","['Ryan Reynolds', 'Ben Mendelsohn', 'Sienna Miller', 'Lio Tipton', 'Alfre Woodard']",United States,English,108.0,7100000.0,422746.0,2015-01-24,6.4,77.0,91%
26,Room,Lenny Abrahamson,,"['Ed Guiney', 'David Gross']","['Brie Larson', 'Jacob Tremblay', 'Joan Allen', 'Sean Bridgers', 'Tom McCamus', 'William H. Macy']",,English,118.0,13000000.0,36300000.0,2015-09-04,8.1,86.0,93%
27,Mojave,William Monahan,William Monahan,"['Aaron L. Ginsburg', 'William Green', 'Justine Suzanne Jones', 'William Monahan']","['Garrett Hedlund', 'Oscar Isaac', 'Mark Wahlberg', 'Louise Bourgoin', 'Walton Goggins']",United States,English,93.0,,8602.0,2015-04-18,5.2,41.0,
28,The Witch,Robert Eggers,Robert Eggers,"['Jay Van Hoy', 'Lars Knudsen', 'Jodi Redmond', 'Daniel Bekerman', 'Rodrigo Teixeira']","['Anya Taylor-Joy', 'Ralph Ineson', 'Kate Dickie', 'Harvey Scrimshaw', 'Ellie Grainger', 'Lucas Dawson']",,Early Modern English,92.0,4000000.0,40400000.0,2015-01-27,6.9,83.0,90%
29,Remember,Atom Egoyan,Benjamin August,"['Robert Lantos', 'Ari Lantos']","['Christopher Plummer', 'Bruno Ganz', 'Jürgen Prochnow', 'Heinz Lieven', 'Henry Czerny', 'Dean Norris', 'Martin Landau']",,,94.0,9600000.0,3700000.0,2015-09-10,7.4,52.0,69%
30,Krisha,Trey Edward Shults,Trey Edward Shults,"['Justin R. Chan', 'Chase Joliet', 'Trey Edward Shults', 'Wilson Smith']","['Krisha Fairchild', 'Robyn Fairchild', 'Bill Wise']",United States,English,81.0,30000.0,144822.0,2015-03-16,7.1,86.0,95%
31,Green Room,Jeremy Saulnier,Jeremy Saulnier,"['Neil Kopp', 'Victor Moyers', 'Anish Savjani']","['Anton Yelchin', 'Imogen Poots', 'Alia Shawkat', 'Joe Cole', 'Callum Turner', 'Patrick Stewart']",United States,English,95.0,5000000.0,3800000.0,2015-05-17,7.0,79.0,90%
32,The Adderall Diaries,Pamela Romanowsky,Pamela Romanowsky,"['Vince Jolivette', 'James Franco', 'James Reach', 'Joseph McKelheer', 'Marni Zelnick']","['James Franco', 'Ed Harris', 'Amber Heard', 'Jim Parrack', 'Timothée Chalamet', 'Daniel Flaherty', 'Cynthia Nixon', 'Christian Slater']",United States,English,105.0,,15364.0,2015-04-16,5.2,42.0,25%
33,The Lobster,Yorgos Lanthimos,"['Efthimis Filippou', 'Yorgos Lanthimos']","['Ceci Dempsey', 'Ed Guiney', 'Yorgos Lanthimos', 'Lee Magiday']","['Colin Farrell', 'Rachel Weisz', 'Jessica Barden', 'Olivia Colman', 'Ashley Jensen', 'Ariane Labed', 'Angeliki Papoulia', 'John C. Reilly', 'Léa Seydoux', 'Michael Smiley', 'Ben Whishaw']",,,118.0,,18000000.0,2015-05-15,7.1,82.0,87%
34,De Palma,"['Noah Baumbach', 'Jake Paltrow']",,"['Noah Baumbach', 'Jake Paltrow']",Brian De Palma,,English,107.0,,168045.0,2015-09-09,7.4,83.0,95%
35,Swiss Army Man,"['Daniel Scheinert', 'Daniel Kwan']","['Daniel Scheinert', 'Daniel Kwan']","['Eval Rimmon', 'Lauren Mann', 'Lawrence Inglee', 'Jonathan Wang', 'Miranda Bailey', 'Amanda Marshall']","['Paul Dano', 'Daniel Radcliffe', 'Mary Elizabeth Winstead']",United States,English,97.0,3000000.0,5800000.0,2016-01-22,6.9,64.0,72%
36,Equals,Drake Doremus,,"['Michael Pruss', 'Chip Diggins', 'Ann Ruark', 'Michael Schaefer', 'Jay Stern']","['Nicholas Hoult', 'Kristen Stewart', 'Guy Pearce', 'Jacki Weaver']",United States,English,101.0,,2100000.0,2015-09-05,6.0,43.0,36%
37,Into the Forest,Patricia Rozema,Patricia Rozema,"['Niv Fichman', 'Aaron L. Gilbert', 'Elliot Page']","['Elliot Page', 'Evan Rachel Wood', 'Max Minghella', 'Callum Keith Rennie', 'Michael Eklund', 'Wendy Crewson']",Canada,English,101.0,10000.0,37418.0,2015-09-12,5.8,59.0,76%
38,Morris from America,Chad Hartigan,Chad Hartigan,"['Martin Heisler', 'Sara Murphy', 'Adele Romanski', 'Gabriele Simon']","['Craig Robinson', 'Markees Christmas', 'Carla Juri', 'Lina Keller', 'Jakub Gierszał']",,,91.0,,91181.0,2016-01-22,6.3,75.0,87%
39,The Sea of Trees,Gus Van Sant,Chris Sparling,"['Gil Netter', 'Ken Kao', 'Kevin Halloran', 'F. Gary Gray', 'E. Brian Dobbins', 'Allen Fischer', 'Chris Sparling']","['Matthew McConaughey', 'Ken Watanabe', 'Naomi Watts']",United States,,110.0,25000000.0,850985.0,2015-05-16,6.1,23.0,17%
40,American Honey,Andrea Arnold,Andrea Arnold,"['Thomas Benski', 'Lars Knudsen', 'Jay Van Hoy', 'Lucas Ochoa', 'Pouya Shahbazian', 'Alice Weinberg']","['Sasha Lane', 'Shia LaBeouf', 'Riley Keough']",,English,163.0,3500000.0,2300000.0,2016-05-15,7.0,80.0,79%
41,Moonlight,Barry Jenkins,,"['Adele Romanski', 'Dede Gardner', 'Jeremy Kleiner']","['Trevante Rhodes', 'André Holland', 'Janelle Monáe', 'Ashton Sanders', 'Jharrel Jerome', 'Naomie Harris', 'Mahershala Ali']",United States,English,111.0,1500000.0,65300000.0,2016-09-02,7.4,99.0,98%
42,Oasis: Supersonic,Mat Whitecross,,"['Asif Kapadia', 'James Gay-Rees']",Oasis,United Kingdom,English,122.0,,1500000.0,,7.8,71.0,84%
43,The Monster,Bryan Bertino,Bryan Bertino,"['Bryan Bertino', 'Adrienne Biddle', 'Aaron L. Ginsberg']","['Zoe Kazan', 'Ella Ballentine']",United States,English,91.0,3000000.0,74700.0,,5.4,69.0,80%
44,20th Century Women,Mike Mills,Mike Mills,"['Megan Ellison', 'Anne Carey', 'Youree Henley']","['Annette Bening', 'Elle Fanning', 'Greta Gerwig', 'Lucas Jade Zumann', 'Billy Crudup']",United States,English,118.0,7000000.0,7200000.0,2016-10-08,7.3,83.0,88%
45,Trespass Against Us,Adam Smith,Alastair Siddons,"['Andrea Calderwood', 'Gail Egan', 'Alastair Siddons']","['Michael Fassbender', 'Brendan Gleeson', 'Lyndsey Marshal', 'Killian Scott', 'Rory Kinnear', 'Sean Harris']",,English,99.0,,517197.0,2016-09-09,5.8,50.0,56%
46,The Blackcoat's Daughter,Osgood Perkins,Osgood Perkins,"['Adrienne Biddle', 'Rob Paris', 'Bryan Bertino', 'Robert Menzies', 'Alphonse Ghossein']","['Emma Roberts', 'Kiernan Shipka', 'Lucy Boynton', 'Lauren Holly', 'James Remar']",,,93.0,,38348.0,2015-09-12,5.9,68.0,74%
47,Free Fire,Ben Wheatley,"['Amy Jump', 'Ben Wheatley']",Andy Starke,"['Sharlto Copley', 'Armie Hammer', 'Brie Larson', 'Cillian Murphy', 'Jack Reynor', 'Babou Ceesay', 'Enzo Cilenti', 'Sam Riley', 'Michael Smiley', 'Noah Taylor']",United Kingdom,English,90.0,7000000.0,3800000.0,2016-09-08,6.3,63.0,70%
48,The Lovers,Azazel Jacobs,Azazel Jacobs,"['Ben LeClair', 'Chris Stinson']","['Debra Winger', 'Tracy Letts', 'Aidan Gillen', 'Melora Walters', 'Tyler Ross', 'Jessica Sula']",United States,English,94.0,,2200000.0,2017-04-22,7.1,,
49,The Exception,David Leveaux,Simon Burke,"['Lou Pitt', 'Judy Tossell']","['Lily James', 'Jai Courtney', 'Janet McTeer', 'Christopher Plummer', 'Ben Daniels', 'Eddie Marsan', 'Anton Lesser', 'Mark Dexter', 'Martin Savage']",,English,107.0,,834580.0,2016-09-12,6.8,60.0,75%
50,It Comes at Night,Trey Edward Shults,Trey Edward Shults,"['David Kaplan', 'Andrea Roa']","['Joel Edgerton', 'Christopher Abbott', 'Carmen Ejogo', 'Riley Keough', 'Kelvin Harrison Jr.']",United States,English,91.0,2400000.0,20000000.0,2017-04-29,6.2,78.0,88%
51,A Ghost Story,David Lowery,David Lowery,"['Toby Halbrooks', 'James M. Johnston', 'Adam Donaghey']","['Casey Affleck', 'Rooney Mara']",United States,,92.0,100000.0,2000000.0,2017-01-22,6.8,84.0,91%
52,Menashe,Joshua Z. Weinstein,"['Alex Lipschultz', 'Musa Syeed', 'Joshua Z. Weinstein']","['Alex Lipschultz', 'Traci Carlson', 'Joshua Z. Weinstein', 'Daniel Finkelman', 'Yoni Brook']","['Menashe Lustig', 'Ruben Niborski', 'Yoel Weisshaus', 'Meyer Schwartz']",United States,,81.0,,2000000.0,2017-01-23,6.5,81.0,95%
53,Good Time,"['Josh Safdie', 'Benny Safdie']","['Ronald Bronstein', 'Josh Safdie']","['Paris Kasidokostas Latsis', 'Terry Dougas', 'Sebastian Bear-McClard', 'Oscar Boyson']","['Robert Pattinson', 'Benny Safdie', 'Buddy Duress', 'Barkhad Abdi', 'Jennifer Jason Leigh']",United States,English,101.0,2000000.0,4100000.0,2017-05-25,7.3,80.0,91%
54,Woodshock,"['Kate Mulleavy', 'Laura Mulleavy']","['Kate Mulleavy', 'Laura Mulleavy']","['Michael Costigan', 'Ken Kao', 'Ben LeClair', 'K.K. Barrett']","['Kirsten Dunst', 'Joe Cole', 'Pilou Asbæk']",United States,English,100.0,5000000.0,43682.0,2017-09-04,4.2,39.0,26%
55,The Florida Project,Sean Baker,"['Sean Baker', 'Chris Bergoch']","['Sean Baker', 'Chris Bergoch', 'Shih-Ching Tsou', 'Andrew Duncan', 'Alex Saks', 'Kevin Chinoy', 'Francesca Silvestri']","['Willem Dafoe', 'Brooklynn Kimberly Prince', 'Bria Vinaite', 'Valeria Cotto', 'Christopher Rivera', 'Caleb Landry Jones']",United States,English,111.0,2000000.0,11300000.0,2017-05-22,7.6,92.0,96%
56,The Killing of a Sacred Deer,Yorgos Lanthimos,,"['Ed Guiney', 'Yorgos Lanthimos']","['Colin Farrell', 'Nicole Kidman', 'Barry Keoghan', 'Raffey Cassidy', 'Sunny Suljic', 'Alicia Silverstone', 'Bill Camp']",,English,121.0,,7000000.0,2017-05-22,7.0,73.0,79%
57,Lady Bird,Greta Gerwig,Greta Gerwig,"['Scott Rudin', 'Eli Bush', ""Evelyn O'Neill""]","['Saoirse Ronan', 'Laurie Metcalf', 'Tracy Letts', 'Lucas Hedges', 'Timothée Chalamet', 'Beanie Feldstein', 'Stephen McKinley Henderson', 'Lois Smith']",United States,English,94.0,10000000.0,79000000.0,2017-09-01,7.4,93.0,99%
58,The Disaster Artist,James Franco,,"['James Franco', 'Vince Jolivette', 'Seth Rogen', 'Evan Goldberg', 'James Weaver']","['James Franco', 'Dave Franco', 'Seth Rogen', 'Alison Brie', 'Ari Graynor', 'Josh Hutcherson', 'Jacki Weaver']",United States,English,103.0,10000000.0,29800000.0,2017-03-12,7.3,76.0,91%
59,The Room,Tommy Wiseau,Tommy Wiseau,Tommy Wiseau,"['Tommy Wiseau', 'Juliette Danielle', 'Greg Sestero', 'Philip Haldiman', 'Carolyn Minnott']",United States,English,99.0,6000000.0,1916.0,,3.6,9.0,24%
60,The Ballad of Lefty Brown,Jared Moshe,Jared Moshe,"['Edward Parks', 'Neda Armian', 'Dan Burks', 'Jared Moshe']","['Bill Pullman', 'Kathy Baker', 'Jim Caviezel', 'Peter Fonda', 'Tommy Flanagan']",United States,English,111.0,5000000.0,7856.0,2017-03-11,6.3,64.0,80%
61,The Vanishing of Sidney Hall,Shawn Christensen,"['Shawn Christensen', 'Jason Dolan']",Jonathan Schwartz,"['Logan Lerman', 'Elle Fanning', 'Michelle Monaghan', 'Nathan Lane', 'Kyle Chandler']",United States,English,117.0,,,2017-01-25,6.8,18.0,11%
62,The Last Movie Star,Adam Rifkin,Adam Rifkin,"['Brian Cavallaro', 'Neil Mandt', 'Adam Rifkin', 'Gordon Whitener']","['Burt Reynolds', 'Ariel Winter', 'Clark Duke', 'Ellar Coltrane', 'Chevy Chase']",United States,English,103.0,,14410.0,2017-04-22,6.9,46.0,59%
63,Lean on Pete,Andrew Haigh,,Tristan Goligher,"['Charlie Plummer', 'Chloë Sevigny', 'Travis Fimmel', 'Steve Buscemi']",United Kingdom,English,121.0,8000000.0,2500000.0,2017-09-01,7.2,80.0,90%
64,Backstabbing for Beginners,Per Fly,"['Daniel Pyne', 'Per Fly']","['Lars Knudsen', 'Nikolaj Vibe Michelsen', 'Jay Van Hoy', 'Malene Blenkov']","['Ben Kingsley', 'Theo James', 'Belçim Bilgin', 'Jacqueline Bisset']",,English,104.0,8000000.0,367000.0,2018-01-18,6.3,48.0,38%
65,First Reformed,Paul Schrader,Paul Schrader,"['Jack Binder', 'Greg Clark', 'Victoria Hill', 'Gary Hamilton', 'Deepak Sikka', 'Christine Vachon', 'David Hinojosa', 'Frank Murray']","['Ethan Hawke', 'Amanda Seyfried', 'Cedric Kyles']",United States,English,113.0,3500000.0,3900000.0,2017-08-31,7.1,85.0,94%
66,How to Talk to Girls at Parties,John Cameron Mitchell,,"['Iain Canning', 'Howard Gertler', 'John Cameron Mitchell', 'Emile Sherman']","['Elle Fanning', 'Alex Sharp', 'Nicole Kidman', 'Ruth Wilson', 'Matt Lucas']",,English,102.0,,385733.0,2017-05-21,5.7,50.0,48%
67,Hereditary,Ari Aster,Ari Aster,"['Kevin Frakes', 'Lars Knudsen', 'Buddy Patrick']","['Toni Collette', 'Alex Wolff', 'Milly Shapiro', 'Ann Dowd', 'Gabriel Byrne']",United States,English,127.0,10000000.0,82500000.0,2018-01-21,7.3,87.0,90%
68,Woman Walks Ahead,Susanna White,Steven Knight,"['Edward Zwick', 'Marshall Herskovitz', 'Erika Olde', 'Rick Solomon', 'Andrea Calderwood']","['Jessica Chastain', 'Michael Greyeyes', 'Chaske Spencer', 'Sam Rockwell']",,,102.0,5000000.0,80912.0,2017-09-10,6.6,51.0,59%
69,Eighth Grade,Bo Burnham,Bo Burnham,"['Scott Rudin', 'Eli Bush', 'Lila Yacoub', 'Christopher Storer']","['Elsie Fisher', 'Josh Hamilton', 'Emily Robinson', 'Jake Ryan', 'Fred Hechinger']",United States,English,94.0,2000000.0,14300000.0,2018-01-19,7.4,89.0,99%
70,Hot Summer Nights,Elijah Bynum,Elijah Bynum,"['Bradley Thomas', 'Dan Friedkin', 'Ryan Friedkin']","['Timothée Chalamet', 'Maika Monroe', 'Alex Roe', 'Maia Mitchell', 'William Fichtner', 'Thomas Jane', 'Emory Cohen', ""Rachel O'Shaughnessy""]",United States,English,107.0,,246133.0,2017-03-13,6.3,44.0,44%
71,Never Goin' Back,Augustine Frizzell,Augustine Frizzell,"['James M. Johnston', 'Toby Halbrooks', 'Liz Cardenas']","['Maia Mitchell', 'Camila Morrone']",United States,English,85.0,,61271.0,2018-01-22,6.0,62.0,76%
72,A Prayer Before Dawn,Jean-Stéphane Sauvaire,"['Jonathan Hirschbein', 'Nick Saltrese']","['Roy Boulter', 'Rita Dagher', 'Sol Papadopoulos', 'Nicholas Simon']",Joe Cole,,English,117.0,,958883.0,2017-05-19,6.8,76.0,92%
73,Slice,Austin Vesely,Austin Vesely,"['Kevin McGrail', 'Brandon Riley']","['Zazie Beetz', 'Chance Bennett', 'Rae Gray', 'Marilyn Dodds Frank', 'Katherine Cunningham', 'Will Brill', ""Y'lan Noel"", 'Hannibal Buress', 'Tim Becker', 'Joe Keery', 'Chris Parnell', 'Paul Scheer']",United States,English,83.0,,,,4.6,61.0,52%
74,The Children Act,Richard Eyre,Ian McEwan,Duncan Kenworthy,"['Emma Thompson', 'Stanley Tucci', 'Fionn Whitehead']",,English,105.0,,17700000.0,2017-09-09,6.7,62.0,74%
75,Mid90s,Jonah Hill,['Jonah Hill'],"['Scott Rudin', 'Eli Bush', 'Ken Kao', 'Jonah Hill', 'Lila Yacoub', 'Mikey Alfred']","['Sunny Suljic', 'Lucas Hedges', 'Na-Kel Smith', 'Olan Prenatt', 'Gio Galicia', 'Ryder McLaughlin', 'Alexa Demie', 'Katherine Waterston']",United States,English,85.0,1700000.0,9300000.0,2018-09-09,7.3,66.0,80%
76,1%,Stephen McCallum,Matt Nable,"['Jamie Hilton', 'Michael Pontin']","['Ryan Corr', 'Abbey Lee', 'Simone Kessell', 'Josh McConville', 'Matt Nable', 'Aaron Pedersen']",Australia,English,92.0,,,2017-09-09,8.2,69.0,85%
77,The Hole in the Ground,Lee Cronin,"['Lee Cronin', 'Stephen Shields']","['Conor Barry', 'John Keville']","['Seána Kerslake', 'James Cosmo', 'Simone Kirby', 'Steve Wall', 'James Quinn Markey']",,English,90.0,,3400000.0,2019-01-25,5.6,63.0,83%
78,Climax,Gaspar Noé,Gaspar Noé,"['Edouard Weil', 'Vincent Maraval', 'Richard Grandpierre']","['Sofia Boutella', 'Kiddy Smile', 'Romain Guillermic', 'Souheila Yacoub', 'Claude Gajan Maull', 'Giselle Palmer', 'Taylor Kastle', 'Thea Carla Schøtt']",,,96.0,2900000.0,1700000.0,2018-05-13,6.9,67.0,69%
79,Gloria Bell,Sebastián Lelio,,"['Juan de Dios Larraín', 'Pablo Larraín', 'Sebastián Lelio', 'Mark Levinson']","['Julianne Moore', 'John Turturro', 'Michael Cera', 'Caren Pistorius', 'Brad Garrett', 'Jeanne Tripplehorn', 'Rita Wilson', 'Chris Mulkey', 'Sean Astin', 'Holland Taylor']",,English,102.0,,11100000.0,2018-09-07,6.3,79.0,
80,High Life,Claire Denis,"['Claire Denis', 'Jean-Pol Fargeau']","['Andrew Lauren', 'D.J. Gugenheim', 'Claudia Steffen', 'Christoph Friedel', 'Laurence Clerc', 'Olivier Théry-Lapiney', 'Oliver Dungey', 'Klaudia Smieja']","['Robert Pattinson', 'Juliette Binoche', 'André Benjamin', 'Mia Goth', 'Agata Buzek', 'Lars Eidinger', 'Claire Tran', 'Ewan Mitchell', 'Gloria Obianyo', 'Victor Banerjee', 'Scarlette Lindsey', 'Jessie Ross']",,English,110.0,,2800000.0,2018-09-09,5.8,77.0,82%
81,Native Son,Rashid Johnson,,"['Matthew Perniciaro', 'Michael Sherman']","['Ashton Sanders', 'Margaret Qualley', 'Nick Robinson', 'KiKi Layne', 'Bill Camp', 'Sanaa Lathan']",United States,English,104.0,,,2019-01-24,5.7,63.0,62%
82,Under the Silver Lake,David Robert Mitchell,David Robert Mitchell,"['Michael De Luca', 'Chris Bender', 'Jake Weiner', 'Adele Romanski', 'David Robert Mitchell']","['Andrew Garfield', 'Riley Keough']",United States,English,139.0,8000000.0,2053469.0,2018-05-15,6.5,60.0,59%
83,The Souvenir,Joanna Hogg,Joanna Hogg,"['Joanna Hogg', 'Luke Schiller']","['Honor Swinton Byrne', 'Tom Burke', 'Tilda Swinton']",,English,119.0,,2100000.0,2019-01-27,6.4,92.0,89%
84,The Last Black Man in San Francisco,Joe Talbot,,"['Khaliah Neal', 'Joe Talbot', 'Dede Gardner', 'Jeremy Kleiner', 'Christina Oh']","['Jimmie Fails', 'Jonathan Majors', 'Tichina Arnold', 'Rob Morgan', 'Mike Epps', 'Finn Wittrock', 'Danny Glover']",United States,English,120.0,3000000.0,4600000.0,2019-01-26,7.3,83.0,92%
85,Midsommar,Ari Aster,Ari Aster,"['Patrik Andersson', 'Lars Knudsen']","['Florence Pugh', 'Jack Reynor', 'William Jackson Harper', 'Vilhelm Blomgren', 'Ellora Torchia', 'Archie Madekwe', 'Will Poulter']",,English,148.0,9000000.0,48000000.0,2019-06-18,7.1,72.0,83%
86,The Farewell,Lulu Wang,Lulu Wang,"['Daniele Melia', 'Marc Turtletaub', 'Peter Saraf', 'Andrew Miano', 'Chris Weitz', 'Jane Zheng', 'Lulu Wang', 'Anita Gou']","['Awkwafina', 'Tzi Ma', 'Diana Lin', 'Zhao Shu-zhen']",United States,,100.0,3000000.0,23100000.0,2019-01-25,7.5,89.0,97%
87,Skin,Guy Nattiv,Guy Nattiv,"['Guy Nattiv', 'Jaime Ray Newman', 'Oren Moverman', 'Dillon D. Jordan', 'Celine Rattray', 'Trudie Styler']","['Jamie Bell', 'Danielle Macdonald', 'Daniel Henshall', 'Bill Camp', 'Ari Barkan', 'Louisa Krause', 'Zoe Colletti', 'Kylie Rogers', 'Colbi Gannett', 'Mike Colter', 'Vera Farmiga']",United States,English,110.0,,135562.0,2018-09-08,6.8,58.0,76%
88,Share,Pippa Bianco,,"['Carly Hugo', 'Matthew Parker', 'Tyler Byrne']","['Rhianne Barreto', 'Charlie Plummer', 'Poorna Jagannathan', 'J. C. Mackenzie', 'Nicholas Galitzine', 'Lovie Simone']",United States,English,89.0,,,2019-01-25,5.7,73.0,86%
89,The Death of Dick Long,Daniel Scheinert,Billy Chew,"['Jonathan Wang', 'Daniel Scheinert', 'Melodie Sisk']","['Michael Abbott Jr.', 'Virginia Newcomb', 'Andre Hyland', 'Sarah Baker', 'Jess Weixler', 'Roy Wood Jr.', 'Sunita Mani']",United States,English,100.0,,36856.0,2019-01-26,6.4,69.0,74%
90,Low Tide,Kevin McMullin,Kevin McMullin,"['Rian Cahill', 'Brian Kavanaugh-Jones', 'Brandon McHugh', 'Richard Peete', 'Kevin Rowe']","['Keean Johnson', 'Alex Neustaedter', 'Daniel Zolghadri', 'Kristine Froseth', 'Shea Whigham', 'Jaeden Martell']",United States,English,86.0,,,2019-04-28,6.3,64.0,73%
91,The Lighthouse,Robert Eggers,"['Robert Eggers', 'Max Eggers']","['Rodrigo Teixeira', 'Jay Van Hoy', 'Robert Eggers', ""Lourenço Sant'Anna"", 'Youree Henley']","['Willem Dafoe', 'Robert Pattinson']",,English,109.0,11000000.0,18300000.0,2019-05-19,7.4,83.0,90%
92,The Elephant Queen,"['Victoria Stone', 'Mark Deeble']",,Lucinda Englehart,,,,96.0,,,2018-09-08,7.8,69.0,91%
93,The Kill Team,Dan Krauss,Dan Krauss,"['Marty Bowen', 'Wyck Godfrey', 'Adrian Guerra', 'Isaac Klausner']","['Nat Wolff', 'Adam Long', 'Anacletus Sanga', 'Brian ""Sene"" Marc', 'Osy Ikhile', 'Anna Francolini', 'Rob Morrow', 'Alexander Skarsgård']",United States,English,87.0,,415772.0,2019-04-27,6.0,60.0,71%
94,Waves,Trey Edward Shults,Trey Edward Shults,"['Kevin Turen', 'James Wilson', 'Trey Edward Shults']","['Kelvin Harrison Jr.', 'Taylor Russell', 'Sterling K. Brown', 'Renée Elise Goldsberry', 'Alexa Demie', 'Lucas Hedges']",United States,English,135.0,,2600000.0,2019-08-30,7.5,80.0,84%
95,In Fabric,Peter Strickland,Peter Strickland,Andrew Starke,"['Marianne Jean-Baptiste', 'Hayley Squires', 'Leo Bill', 'Julian Barratt', 'Steve Oram', 'Gwendoline Christie', 'Barry Adamson', 'Jaygann Ayeh', 'Richard Bremmer', 'Terry Bird', 'Fatma Mohamed']",United Kingdom,English,118.0,,,2018-09-18,6.2,81.0,91%
96,Uncut Gems,"['Josh Safdie', 'Benny Safdie']","['Ronald Bronstein', 'Josh Safdie', 'Benny Safdie']","['Scott Rudin', 'Eli Bush', 'Sebastian Bear-McClard']","['Adam Sandler', 'LaKeith Stanfield', 'Julia Fox', 'Kevin Garnett', 'Idina Menzel', 'Eric Bogosian']",United States,English,135.0,19000000.0,50000000.0,2019-08-30,7.4,91.0,91%
97,First Cow,Kelly Reichardt,,"['Neil Kopp', 'Vincent Savino', 'Anish Savjani']","['John Magaro', 'Orion Lee', 'Toby Jones', 'Ewen Bremner', 'Scott Shepherd', 'Gary Farmer', 'Lily Gladstone']",United States,English,121.0,2000000.0,1400000.0,2019-08-30,7.1,89.0,96%
98,Boys State,"['Jesse Moss', 'Amanda McBaine']",,"['Amanda McBaine', 'Jesse Moss']",,United States,English,109.0,,,2020-01-24,7.6,84.0,95%
99,On the Rocks,Sofia Coppola,Sofia Coppola,"['Sofia Coppola', 'Youree Henley']","['Bill Murray', 'Rashida Jones', 'Marlon Wayans']",United States,English,96.0,,992103.0,2020-09-22,6.4,73.0,87%
100,Saint Maud,Rose Glass,Rose Glass,"['Andrea Cornwell', 'Oliver Kassman']","['Morfydd Clark', 'Jennifer Ehle']",United Kingdom,English,84.0,,1400000.0,2019-09-08,6.7,83.0,93%
101,Minari,Lee Isaac Chung,Lee Isaac Chung,"['Dede Gardner', 'Jeremy Kleiner', 'Christina Oh']","['Steven Yeun', 'Han Ye-ri', 'Alan Kim', 'Noel Kate Cho', 'Youn Yuh-jung', 'Will Patton']",United States,,115.0,2000000.0,15500000.0,2020-01-26,7.4,89.0,98%
102,False Positive,John Lee,,"['Ilana Glazer', 'John Lee', 'Jonathan Wang', 'Allison Rose Carter']","['Ilana Glazer', 'Justin Theroux', 'Pierce Brosnan', 'Sophia Bush']",United States,English,92.0,,,2021-06-18,4.7,54.0,47%
103,Zola,Janicza Bravo,,"['Christine Vachon', 'David Hinojosa', 'Gia Walsh', 'Kara Baker', 'Vince Jolivette', 'Elizabeth Haggard', 'Dave Franco']","['Taylour Paige', 'Riley Keough', 'Nicholas Braun', ""Ari'el Stachel"", 'Colman Domingo']",United States,English,90.0,5000000.0,5000000.0,2020-01-24,6.5,76.0,88%
104,Val,"['Leo Scott', 'Ting Poo']",Val Kilmer,"['Val Kilmer', 'Leo Scott', 'Ting Poo', 'Andrew Fried', 'Dane Lillegard', 'Jordan Wynn', 'Ali Alborzi', 'Brad Koepenick', 'Tom Stratton']",['Val Kilmer'],United States,English,108.0,,,2021-07-07,7.6,73.0,94%
105,The Green Knight,David Lowery,David Lowery,"['Toby Halbrooks', 'James M. Johnston', 'David Lowery', 'Tim Headington', 'Theresa Steele Page']","['Dev Patel', 'Alicia Vikander', 'Joel Edgerton', 'Sarita Choudhury', 'Sean Harris', 'Ralph Ineson']",,English,130.0,15000000.0,20000000.0,,6.6,85.0,89%
106,Lamb,Valdimar Jóhannsson,"['Sjón', 'Valdimar Jóhannsson']","['Marcin Drabiński', 'Piodor Gustafsson', 'Zuzanna Hencz', 'Hrönn Kristinsdóttir', 'Jon Mankell', 'Sara Nassim', 'Jan Naszewski', 'Erik Rydell', 'Klaudia Śmieja-Rostworowska']","['Noomi Rapace', 'Hilmir Snær Guðnason', 'Björn Hlynur Haraldsson', 'Ingvar Eggert Sigurðsson']",,Icelandic,106.0,,3200000.0,2021-07-13,6.3,68.0,86%
107,The Souvenir Part II,Joanna Hogg,Joanna Hogg,"['Ed Guiney', 'Emma Norton', 'Andrew Lowe', 'Joanna Hogg', 'Luke Schiller']","['Honor Swinton Byrne', 'Jaygann Ayeh', 'Richard Ayoade', 'Ariane Labed', 'James Spencer Ashworth', 'Tilda Swinton']",,English,107.0,,381315.0,2021-07-08,7.2,90.0,90%
108,C'mon C'mon,Mike Mills,Mike Mills,"['Chelsea Barnard', 'Lila Yacoub', 'Andrea Longacre-White']","['Joaquin Phoenix', 'Gaby Hoffmann', 'Scoot McNairy', 'Molly Webster', 'Woody Norman']",United States,English,108.0,8.300.000.000.000.000,4500000.0,2021-09-02,7.4,82.0,
109,The Humans,Stephen Karam,,"['Louise Lovegrove', 'Stephen Karam']","['Jayne Houdyshell', 'Richard Jenkins', 'Amy Schumer', 'Beanie Feldstein', 'Steven Yeun', 'June Squibb']",United States,English,108.0,,,2021-09-12,6.2,78.0,92%
110,Red Rocket,Sean Baker,"['Chris Bergoch', 'Sean Baker']","['Sean Baker', 'Alex Coco', 'Samantha Quan', 'Alex Saks', 'Shih-Ching Tsou']","['Simon Rex', 'Bree Elrod', 'Suzanna Son']",United States,English,128.0,1100000.0,2300000.0,2021-07-14,7.2,76.0,90%
111,The Tragedy of Macbeth,Joel Coen,,"['Joel Coen', 'Frances McDormand', 'Robert Graf']","['Denzel Washington', 'Frances McDormand', 'Bertie Carvel', 'Alex Hassell', 'Corey Hawkins', 'Harry Melling', 'Brendan Gleeson']",United States,English,105.0,,524771.0,2021-09-24,7.1,87.0,93%
112,The Sky Is Everywhere,Josephine Decker,,"['Josephine Decker', 'Denise Di Novi', 'Margaret French Isaac', 'Allison Rose Carter']","['Grace Kaufman', 'Pico Alexander', 'Jacques Colimon', 'Cherry Jones', 'Jason Segel']",United States,English,103.0,,,,5.6,66.0,65%
113,After Yang,Kogonada,,"['Theresa Park', 'Andrew Goldman', 'Caroline Kaplan', 'Paul Mezey']","['Colin Farrell', 'Jodie Turner-Smith', 'Justin H. Min', 'Malea Emma Tjandrawidjaja', 'Haley Lu Richardson']",United States,English,96.0,9000000.0,672154.0,2021-07-08,6.7,78.0,89%
114,X,Ti West,Ti West,"['Ti West', 'Jacob Jaffke', 'Kevin Turen', 'Harrison Kreiss']","['Mia Goth', 'Jenna Ortega', 'Martin Henderson', 'Brittany Snow', 'Owen Campbell', 'Stephen Ure', 'Scott Mescudi']",,English,106.0,1000000.0,15100000.0,2022-03-13,6.6,79.0,94%
115,Everything Everywhere All at Once,"['Daniel Kwan', 'Daniel Scheinert']","['Daniel Kwan', 'Daniel Scheinert']","['Anthony Russo Joe Russo', 'Mike Larocca', 'Daniel Kwan', 'Daniel Scheinert', 'Jonathan Wang', 'Peter Tam Lee']","['Michelle Yeoh', 'Stephanie Hsu', 'Ke Huy Quan', 'Jenny Slate', 'Harry Shum Jr.', 'James Hong', 'Jamie Lee Curtis']",United States,,139.0,14300000.0,106500000.0,2022-03-11,8.0,81.0,95%
116,Men,Alex Garland,Alex Garland,"['Andrew Macdonald', 'Allon Reich']","['Jessie Buckley', 'Rory Kinnear']",United Kingdom,English,100.0,,11200000.0,2022-05-20,6.1,65.0,68%
117,Elizabeth: A Portrait in Parts,Roger Michell,,Kevin Loader,,United Kingdom,English,90.0,,,,,,
118,Marcel the Shell with Shoes On,Dean Fleischer Camp,,"['Elisabeth Holm', 'Andrew Goldman', 'Caroline Kaplan', 'Paul Mezey', 'Dean Fleischer Camp', 'Jenny Slate', 'Terry Leonard']","['Jenny Slate', 'Rosa Salazar', 'Thomas Mann', 'Dean Fleischer Camp', 'Lesley Stahl', 'Isabella Rossellini']",United States,English,90.0,,6500000.0,2021-09-03,7.9,81.0,99%
119,Bodies Bodies Bodies,Halina Reijn,,"['David Hinojosa', 'Ali Herting']","['Amandla Stenberg', 'Maria Bakalova', ""Myha'la Herrold"", 'Chase Sui Wonders', 'Rachel Sennott', 'Lee Pace', 'Pete Davidson']",United States,English,94.0,,14000000.0,2022-03-14,6.3,69.0,85%
120,Funny Pages,Owen Kline,Owen Kline,"['Josh Safdie', 'Benny Safdie', 'Sebastian Bear-McClard', 'Ronald Bronstein', 'Oscar Boyson', 'David Duque-Estrada']","['Daniel Zolghadri', 'Matthew Maher', 'Miles Emanuel', 'Maria Dizzia', 'Josh Pais']",United States,English,86.0,,,2022-05-24,6.3,73.0,83%
121,Pearl,Ti West,"['Ti West', 'Mia Goth']","['Jacob Jaffke', 'Ti West', 'Kevin Turen', 'Harrison Kreiss']","['Mia Goth', 'David Corenswet', 'Tandi Wright', 'Matthew Sunderland', 'Emma Jenkins-Purro', 'Alistair Sewell']",,English,102.0,1000000.0,9400000.0,2022-09-03,7.0,73.0,91%
122,X,Ti West,Ti West,"['Ti West', 'Jacob Jaffke', 'Kevin Turen', 'Harrison Kreiss']","['Mia Goth', 'Jenna Ortega', 'Martin Henderson', 'Brittany Snow', 'Owen Campbell', 'Stephen Ure', 'Scott Mescudi']",,English,106.0,1000000.0,15100000.0,2022-03-13,6.6,79.0,94%
123,Instinct,Halina Reijn,,,"['Carice van Houten', 'Marwan Kenzari']",Netherlands,Dutch,108.0,,,2019-08-12,6.5,43.0,26%
124,God's Creatures,"['Saela Davis', 'Anna Rose Holmer']",,Fodhla Cronin O'Reilly,"['Emily Watson', 'Paul Mescal', 'Aisling Franciosi', 'Declan Conlon', ""Toni O'Rourke"", ""Marion O'Dwyer"", 'Brendan McCormack', 'Lalor Roddy']",,English,94.0,,,2022-05-19,5.8,71.0,
125,Stars at Noon,Claire Denis,,Olivier Delbosc,"['Margaret Qualley', 'Joe Alwyn', 'Benny Safdie', 'Danny Ramirez', 'John C. Reilly']",France,English,137.0,,15226.0,2022-05-25,5.5,64.0,63%
126,Aftersun,Charlotte Wells,Charlotte Wells,"['Adele Romanski', 'Amy Jackson', 'Barry Jenkins', 'Mark Ceryak']","['Paul Mescal', 'Frankie Corio', 'Celia Rowlson-Hall']",,English,101.0,,3800000.0,2022-05-21,7.8,95.0,95%
127,Causeway,Lila Neugebauer,"['Ottessa Moshfegh', 'Luke Goebel', 'Elizabeth Sanders']","['Jennifer Lawrence', 'Justine Ciarrocchi']","['Jennifer Lawrence', 'Brian Tyree Henry', 'Linda Emond', 'Jayne Houdyshell', 'Stephen McKinley Henderson', 'Russell Harvard']",United States,English,92.0,,,2022-09-10,6.5,66.0,85%
128,The Inspection,Elegance Bratton,Elegance Bratton,"['Effie T. Brown', 'Chester Algernal Gordon']","['Jeremy Pope', 'Raúl Castillo', 'McCaul Lombardi', 'Aaron Dominguez', 'Nicholas Logan', 'Eman Esfandi', 'Andrew Kai', 'Aubrey Joseph', 'Bokeem Woodbine', 'Gabrielle Union']",United States,English,95.0,3000000.0,385627.0,2022-09-08,7.1,73.0,89%
129,White Noise,Noah Baumbach,,"['Noah Baumbach', 'David Heyman', 'Uri Singer']","['Adam Driver', 'Greta Gerwig', 'Don Cheadle']",,English,136.0,100000000.0,34818.0,2022-08-31,5.5,30.0,7%
130,The Eternal Daughter,Joanna Hogg,Joanna Hogg,"['Ed Guiney', 'Emma Norton', 'Andrew Lowe', 'Joanna Hogg']","['Tilda Swinton', 'Joseph Mydell', 'Carly-Sophia Davies']",,English,96.0,,33657.0,2022-09-06,6.1,80.0,95%
131,The Whale,Darren Aronofsky,,"['Jeremy Dawson', 'Ari Handel', 'Darren Aronofsky']","['Brendan Fraser', 'Sadie Sink', 'Hong Chau', 'Ty Simpkins', 'Samantha Morton']",United States,English,117.0,3000000.0,17200000.0,2022-09-04,8.1,60.0,66%
132,This Place Rules,Andrew Callaghan,,"['Dave Kneebone', 'Janel Kranking', 'Jonah Hill', 'Matt Dines', 'Alison Goodwin', 'Max Benator']",Andrew Callaghan,,English,82.0,,,,7.5,,
133,When You Finish Saving the World,Jesse Eisenberg,,"['Dave McCary', 'Emma Stone', 'Ali Herting']","['Julianne Moore', 'Finn Wolfhard', 'Jay O. Sanders', 'Alisha Boe', 'Billy Bryk', 'Eleonore Hendricks']",United States,English,88.0,,196920.0,2022-01-20,6.4,60.0,65%
134,Close,Lukas Dhont,,"['Dirk Impens', 'Michiel Dhont']","['Eden Dambrine', 'Gustav de Waele', 'Émilie Dequenne', 'Léa Drucker']",,,104.0,,3500000.0,2022-05-26,5.7,51.0,37%
135,Sharper,Benjamin Caron,,"['Bart Freundlich', 'Brian Gatewood', 'Alessandro Tanaka', 'Erik Feig', 'Julianne Moore']","['Julianne Moore', 'Sebastian Stan', 'Justice Smith', 'Briana Middleton', 'John Lithgow']",United States,English,116.0,,,2023-02-10,,,
136,Beau Is Afraid,Ari Aster,Ari Aster,"['Ari Aster', 'Lars Knudsen']","['Joaquin Phoenix', 'Nathan Lane', 'Patti LuPone', 'Kylie Rogers', 'Parker Posey', 'Amy Ryan', 'Stephen McKinley Henderson', 'Denis Ménochet', 'Hayley Squires', 'Michael Gandolfini', 'Zoe Lister-Jones', 'Richard Kind']",United States,English,179.0,,,,,,
137,All Dirt Roads Taste of Salt,Raven Jackson,Raven Jackson,"['Maria Altamirano', 'Barry Jenkins', 'Adele Romanski', 'Mark Ceryak']","['Charleen McClure', 'Moses Ingram', 'Sheila Atim']",United States,English,97.0,,,2023-01-22,,87.0,
138,Earth Mama,Savanah Leaf,Savanah Leaf,"['Cody Ryder', 'Shirley O’Connor', 'Medb Riordan', 'Sam Bisbee', 'Savanah Leaf']","['Tia Nomore', 'Erika Alexander', 'Doechii', 'Sharon Duncan-Brewster', 'Dominic Fike', 'Bokeem Woodbine']",,English,97.0,,,,,,
139,Jerry Lee Lewis: Trouble in Mind,Ethan Coen,,"['Peter Afterman', 'T Bone Burnett', 'Steve Bing', 'Mick Jagger', 'Victoria Pearman']",Jerry Lee Lewis,United States,English,74.0,,,,6.8,62.0,69%
140,Medusa Deluxe,Thomas Hardiman,Thomas Hardiman,"['Michael Elliott', 'Lee Groombridge', 'Louise Palmkvist Hansen']","['Clare Perkins', 'Anita-Joy Uwajeh', 'Kae Alexander', 'Harriet Webb', ""Darrell D'Silva"", 'Luke Pasqualino', 'Heider Ali']",United Kingdom,English,100.0,,,,6.0,,83%
141,Past Lives,Celine Song,Celine Song,"['David Hinojosa', 'Christine Vachon', 'Pamela Koffler']","['Greta Lee', 'Teo Yoo', 'John Magaro']",United States,,106.0,,,,,,
142,Problemista,Julio Torres,Julio Torres,"['Emma Stone', 'Dave McCary', 'Ali Herting']","['Julio Torres', 'Tilda Swinton', 'RZA', 'Isabella Rossellini', 'Greta Lee']",United States,English,98.0,,,,,,
143,Showing Up,Kelly Reichardt,"['Jon Raymond', 'Kelly Reichardt']","['Neil Kopp', 'Vincent Savino', 'Anish Savjani']","['Michelle Williams', 'Hong Chau', 'Maryann Plunkett', 'John Magaro', 'André Benjamin', 'James Le Gros', 'Judd Hirsch']",United States,English,108.0,,,,,81.0,93%
144,Talk to Me,['Daniel Philippou Michael Philippou'],"['Daniel Philippou', 'Bill Hinzman']","['Samantha Jennings', 'Kristina Ceyton']","['Sophie Wilde', 'Alexandra Jensen', 'Joe Bird', 'Otis Dhanji', 'Miranda Otto', 'Zoe Terakes']",Australia,English,95.0,,,,7.3,69.0,83%
145,You Hurt My Feelings,Nicole Holofcener,Nicole Holofcener,"['Stefanie Azpiazu', 'Anthony Bregman']","['Julia Louis-Dreyfus', 'Tobias Menzies', 'Michaela Watkins', 'Owen Teague', 'Arian Moayed', 'Jeannie Berlin']",United States,,93.0,,,,6.6,,
146,Civil War,Alex Garland,Alex Garland,"['Gregory Goodman', 'Andrew Macdonald', 'Allon Reich']","['Kirsten Dunst', 'Wagner Moura', 'Stephen McKinley Henderson', 'Cailee Spaeny']",United States,English,,,,,7.3,,
147,Dream Scenario,Kristoffer Borgli,Kristoffer Borgli,"['Ari Aster', 'Lars Knudsen', 'Jacob Jaffke', 'Tyler Campellone']","['Nicolas Cage', 'Michael Cera', 'Julianne Nicholson', 'Tim Meadows']",United States,English,,,,,,,
148,I Saw the TV Glow,Jane Schoenbrun,Jane Schoenbrun,"['Emma Stone', 'Dave McCary', 'Ali Herting', 'Sarah Winshall', 'Sam Intili']","['Justice Smith', 'Brigette Lundy-Paine', 'Danielle Deadwyler', 'Phoebe Bridgers', 'Fred Durst']",United States,English,,,,,,,
149,The Iron Claw,Sean Durkin,,"['Tessa Ross', 'Derrin Schlesinger', 'Juliette Howell', 'Angus Lamont']","['Zac Efron', 'Lily James', 'Harris Dickinson', 'Maura Tierney', 'Holt McCallany']",,English,,,,,6.6,,
150,Priscilla,Sofia Coppola,,"['Sofia Coppola', 'Youree Henley', 'Lorenzo Mieli']","['Cailee Spaeny', 'Jacob Elordi']",United States,English,,,,,8.4,,
151,Tuesday,Daina O. Pusic,Daina O. Pusic,"['Helen Gladders', 'Ivana MacKinnon', 'Oliver Roskill']","['Julia Louis-Dreyfus', 'Lola Petticrew']",,English,,,,,6.4,,